{
  "8. View shop cart - Again（再次浏览购物车）" : {
    "transaction" : "8. View shop cart - Again（再次浏览购物车）",
    "sampleCount" : 12,
    "errorCount" : 0,
    "errorPct" : 0.0,
    "meanResTime" : 72.24999999999999,
    "medianResTime" : 72.0,
    "minResTime" : 20.0,
    "maxResTime" : 94.0,
    "pct1ResTime" : 93.10000000000001,
    "pct2ResTime" : 94.0,
    "pct3ResTime" : 94.0,
    "throughput" : 0.3857404609598508,
    "receivedKBytesPerSec" : 0.18420613809508501,
    "sentKBytesPerSec" : 0.09379821755761998
  },
  "所有商品充库存" : {
    "transaction" : "所有商品充库存",
    "sampleCount" : 1,
    "errorCount" : 0,
    "errorPct" : 0.0,
    "meanResTime" : 1015.0,
    "medianResTime" : 1015.0,
    "minResTime" : 1015.0,
    "maxResTime" : 1015.0,
    "pct1ResTime" : 1015.0,
    "pct2ResTime" : 1015.0,
    "pct3ResTime" : 1015.0,
    "throughput" : 0.9852216748768472,
    "receivedKBytesPerSec" : 0.008659174876847291,
    "sentKBytesPerSec" : 0.0
  },
  "6. View shop cart（浏览购物车）" : {
    "transaction" : "6. View shop cart（浏览购物车）",
    "sampleCount" : 12,
    "errorCount" : 0,
    "errorPct" : 0.0,
    "meanResTime" : 58.583333333333336,
    "medianResTime" : 61.5,
    "minResTime" : 23.0,
    "maxResTime" : 78.0,
    "pct1ResTime" : 77.10000000000001,
    "pct2ResTime" : 78.0,
    "pct3ResTime" : 78.0,
    "throughput" : 0.39290157815467225,
    "receivedKBytesPerSec" : 0.11984009724314058,
    "sentKBytesPerSec" : 0.09553954390675136
  },
  "4.5 Dashboard（浏览首页）" : {
    "transaction" : "4.5 Dashboard（浏览首页）",
    "sampleCount" : 10,
    "errorCount" : 0,
    "errorPct" : 0.0,
    "meanResTime" : 149.60000000000002,
    "medianResTime" : 148.5,
    "minResTime" : 117.0,
    "maxResTime" : 176.0,
    "pct1ResTime" : 174.4,
    "pct2ResTime" : 176.0,
    "pct3ResTime" : 176.0,
    "throughput" : 0.30630685821055537,
    "receivedKBytesPerSec" : 1.4151735802677123,
    "sentKBytesPerSec" : 0.06730375302478023
  },
  "10. Default Address（默认地址）" : {
    "transaction" : "10. Default Address（默认地址）",
    "sampleCount" : 12,
    "errorCount" : 0,
    "errorPct" : 0.0,
    "meanResTime" : 58.25,
    "medianResTime" : 53.0,
    "minResTime" : 18.0,
    "maxResTime" : 93.0,
    "pct1ResTime" : 88.80000000000001,
    "pct2ResTime" : 93.0,
    "pct3ResTime" : 93.0,
    "throughput" : 0.35565039566106516,
    "receivedKBytesPerSec" : 0.19475679625677958,
    "sentKBytesPerSec" : 0.0795350982484218
  },
  "9. Settle（结账）" : {
    "transaction" : "9. Settle（结账）",
    "sampleCount" : 12,
    "errorCount" : 0,
    "errorPct" : 0.0,
    "meanResTime" : 66.5,
    "medianResTime" : 70.5,
    "minResTime" : 18.0,
    "maxResTime" : 85.0,
    "pct1ResTime" : 82.30000000000001,
    "pct2ResTime" : 85.0,
    "pct3ResTime" : 85.0,
    "throughput" : 0.3707021716968892,
    "receivedKBytesPerSec" : 0.1770247675388465,
    "sentKBytesPerSec" : 0.08896490106885792
  },
  "仅浏览商品详情" : {
    "transaction" : "仅浏览商品详情",
    "sampleCount" : 10,
    "errorCount" : 0,
    "errorPct" : 0.0,
    "meanResTime" : 208.7,
    "medianResTime" : 205.5,
    "minResTime" : 171.0,
    "maxResTime" : 242.0,
    "pct1ResTime" : 240.9,
    "pct2ResTime" : 242.0,
    "pct3ResTime" : 242.0,
    "throughput" : 0.32359317865579396,
    "receivedKBytesPerSec" : 1.9254426147946802,
    "sentKBytesPerSec" : 0.1444160963336893
  },
  "4. Dashboard（浏览首页）" : {
    "transaction" : "4. Dashboard（浏览首页）",
    "sampleCount" : 12,
    "errorCount" : 0,
    "errorPct" : 0.0,
    "meanResTime" : 138.83333333333331,
    "medianResTime" : 139.5,
    "minResTime" : 118.0,
    "maxResTime" : 164.0,
    "pct1ResTime" : 161.60000000000002,
    "pct2ResTime" : 164.0,
    "pct3ResTime" : 164.0,
    "throughput" : 0.3699593044765076,
    "receivedKBytesPerSec" : 1.7092553412874585,
    "sentKBytesPerSec" : 0.08128988623751388
  },
  "12. Payment - Wechat（微信支付）" : {
    "transaction" : "12. Payment - Wechat（微信支付）",
    "sampleCount" : 12,
    "errorCount" : 1,
    "errorPct" : 8.333333,
    "meanResTime" : 63.166666666666664,
    "medianResTime" : 63.0,
    "minResTime" : 19.0,
    "maxResTime" : 84.0,
    "pct1ResTime" : 83.4,
    "pct2ResTime" : 84.0,
    "pct3ResTime" : 84.0,
    "throughput" : 0.3452939314591546,
    "receivedKBytesPerSec" : 0.10551584575432336,
    "sentKBytesPerSec" : 0.08719458571921848
  },
  "4.6 Dashboard（浏览首页）" : {
    "transaction" : "4.6 Dashboard（浏览首页）",
    "sampleCount" : 494,
    "errorCount" : 0,
    "errorPct" : 0.0,
    "meanResTime" : 150.6659919028339,
    "medianResTime" : 149.0,
    "minResTime" : 117.0,
    "maxResTime" : 436.0,
    "pct1ResTime" : 171.5,
    "pct2ResTime" : 178.25,
    "pct3ResTime" : 209.0,
    "throughput" : 7.815342751823317,
    "receivedKBytesPerSec" : 36.10779937390245,
    "sentKBytesPerSec" : 1.5871361524861964
  },
  "注册登录" : {
    "transaction" : "注册登录",
    "sampleCount" : 22,
    "errorCount" : 0,
    "errorPct" : 0.0,
    "meanResTime" : 142.77272727272728,
    "medianResTime" : 140.0,
    "minResTime" : 97.0,
    "maxResTime" : 184.0,
    "pct1ResTime" : 176.8,
    "pct2ResTime" : 183.1,
    "pct3ResTime" : 184.0,
    "throughput" : 0.6855291038264988,
    "receivedKBytesPerSec" : 0.4382541793905023,
    "sentKBytesPerSec" : 0.40551140081640286
  },
  "商品充库存" : {
    "transaction" : "商品充库存",
    "sampleCount" : 1,
    "errorCount" : 0,
    "errorPct" : 0.0,
    "meanResTime" : 1015.0,
    "medianResTime" : 1015.0,
    "minResTime" : 1015.0,
    "maxResTime" : 1015.0,
    "pct1ResTime" : 1015.0,
    "pct2ResTime" : 1015.0,
    "pct3ResTime" : 1015.0,
    "throughput" : 0.9852216748768472,
    "receivedKBytesPerSec" : 0.008659174876847291,
    "sentKBytesPerSec" : 0.0
  },
  "1. Register（注册）" : {
    "transaction" : "1. Register（注册）",
    "sampleCount" : 22,
    "errorCount" : 0,
    "errorPct" : 0.0,
    "meanResTime" : 62.86363636363637,
    "medianResTime" : 61.0,
    "minResTime" : 22.0,
    "maxResTime" : 97.0,
    "pct1ResTime" : 82.4,
    "pct2ResTime" : 94.89999999999998,
    "pct3ResTime" : 97.0,
    "throughput" : 0.6623314065510597,
    "receivedKBytesPerSec" : 0.20221570553347784,
    "sentKBytesPerSec" : 0.18813293104226878
  },
  "3. Add Address（添加默认地址）" : {
    "transaction" : "3. Add Address（添加默认地址）",
    "sampleCount" : 12,
    "errorCount" : 0,
    "errorPct" : 0.0,
    "meanResTime" : 129.25,
    "medianResTime" : 138.5,
    "minResTime" : 29.0,
    "maxResTime" : 159.0,
    "pct1ResTime" : 154.8,
    "pct2ResTime" : 159.0,
    "pct3ResTime" : 159.0,
    "throughput" : 0.36284470246734396,
    "receivedKBytesPerSec" : 0.11132198309748427,
    "sentKBytesPerSec" : 0.148114341436865
  },
  "2. Login（登录）" : {
    "transaction" : "2. Login（登录）",
    "sampleCount" : 22,
    "errorCount" : 0,
    "errorPct" : 0.0,
    "meanResTime" : 79.90909090909089,
    "medianResTime" : 80.0,
    "minResTime" : 66.0,
    "maxResTime" : 103.0,
    "pct1ResTime" : 91.0,
    "pct2ResTime" : 101.19999999999997,
    "pct3ResTime" : 103.0,
    "throughput" : 0.643915003219575,
    "receivedKBytesPerSec" : 0.21505754990341278,
    "sentKBytesPerSec" : 0.19799357365509573
  },
  "购买流程" : {
    "transaction" : "购买流程",
    "sampleCount" : 12,
    "errorCount" : 1,
    "errorPct" : 8.333333,
    "meanResTime" : 1075.0833333333335,
    "medianResTime" : 1137.0,
    "minResTime" : 305.0,
    "maxResTime" : 1261.0,
    "pct1ResTime" : 1241.2,
    "pct2ResTime" : 1261.0,
    "pct3ResTime" : 1261.0,
    "throughput" : 0.33989519898031445,
    "receivedKBytesPerSec" : 2.8272597719869705,
    "sentKBytesPerSec" : 0.8951569359864042
  },
  "5.5 Good detail（查看商品详情）" : {
    "transaction" : "5.5 Good detail（查看商品详情）",
    "sampleCount" : 10,
    "errorCount" : 0,
    "errorPct" : 0.0,
    "meanResTime" : 59.1,
    "medianResTime" : 54.5,
    "minResTime" : 48.0,
    "maxResTime" : 83.0,
    "pct1ResTime" : 82.2,
    "pct2ResTime" : 83.0,
    "pct3ResTime" : 83.0,
    "throughput" : 0.29443806495303715,
    "receivedKBytesPerSec" : 0.3916256293613638,